ep_number,title,air_date,guests,teams,main_mission,results,is_special,special_type
734,Episode #734 - Resolve to Part Ways with 2024,2025-01-05,Kang Hoon,"Jae-suk Team (Yoo Jae-suk, Haha, Kim Jong-kook, Ji Ye-eun); Seok-jin's Team (Jee Seok-jin, Song Ji-hyo, Yang Se-chan, Kang Hoon)",Keep moving your items to someone else's box to win the prizes.,There are no winners. Yoo Jae-suk and Yang Se-chan chose Kim Jong-kook to write a letter and buy a gift for the owner of the items in their boxes as penalty.,0,
735,Episode #735 - The Lucky 2025,2025-01-12,,"Green Team (Yoo Jae-suk); Blue Team (Haha, Yang Se-chan); Orange Team (Jee Seok-jin, Song Ji-hyo); Pink Team (Kim Jong-kook, Ji Ye-eun)",Defeat the other team.,The mission was won by Green Team and Orange Team. Haha and Ji Ye-eun received the whipped cream penalty through a game of luck.,0,
736,Episode #736 - Team Kill Not Sorry,2025-01-19,"Choi Daniel, Jeon So-min, Kim Ha-yun, Park Hye-jeong","MC Yoo (Yoo Jae-suk); Haha Team (Haha, Yang Se-chan, Ji Ye-eun, Choi Daniel, Jeon So-min); Jong Kook Team (Kim Jong-kook, Jee Seok-jin, Song Ji-hyo, Kim Ha-yun, Park Hye-jeong)",Avoid hitting your name behind the balloon by Yoo Jae-suk's dart to escape the penalty.,"Won by Yoo Jae-suk, Kim Ha-yun and Park Hye-jeong. The rest received the water cannon penalty.",0,
737,Episode #737 - The Blessed Gods Ratio Part.3,2025-01-26,,Teams: (Yoo Jae-suk & Ji Ye-eun)(Haha & Jee Seok-jin)(Song Ji-hyo & Yang Se-chan); Solo: (Kim Jong-kook),"Either complete the words ""Blue Snake"" or obtain the word ""Snake"" to avoid penalty.",Won by Haha and Yoo Jae-suk. The rest had to make a snake lucky bag after filming as a penalty.,0,
738,Episode #738 - The Person Who Laughs in Paradise,2025-02-02,"Kyuhyun, Lee Seok-hoon, Park Eun-tae","Glasses Team (Yoo Jae-suk, Haha, Jee Seok-jin, Lee Seok-hoon); Remained Team (Kim Jong-kook, Yang Se-chan, Kyuhyun); Sister Team (Song Ji-hyo, Ji Ye-eun, Park Eun-tae)",Obtain the most tickets to win the race.,"Won by Yoo Jae-suk with 11 tickets. Penalties: Shredded Paper Shower, Water Shower, and Black Ink Shower distributed among members.",0,
739,Episode #739 - The Chaotic Life of Slaves,2025-02-09,,Yoo Jae-suk as Bucktooth; Haha as Dullard; Jee Seok-jin as Floret; Kim Jong-kook as April; Song Ji-hyo as Brainiac; Yang Se-chan as Dog Turd; Ji Ye-eun as Hunchback,Finish the errands that were given by the master before 4 PM to get off work early.,Mission Accomplished. The members finished the errands 10 minutes before 4 PM.,0,
740,Episode #740 - The Don't Go Family,2025-02-16,"Joo Jong-hyuk, Kim Si-eun","Jae-suk Family (Yoo Jae-suk, Yang Se-chan, Joo Jong-hyuk); Haha Family (Haha, Ji Ye-eun, Kim Si-eun); Seok-jin Family (Jee Seok-jin, Kim Jong-kook, Song Ji-hyo)",Have the most money on their debit card to avoid penalty.,"Won by Jae-suk Family with W245,000. Haha and Kim Si-eun received the whipped cream penalty.",0,
741,Episode #741 - SOS The Cleanup Code: Heroes on Call,2025-02-23,,No teams,Help Kim Jong-kook clean his house and obtain the items that were chosen with his permission.,"Mission Accomplished. Kim Jong-kook received W2,000,000 housewarming gift certificate. Members chose items: Jee Seok-jin - Dior Shoes, Song Ji-hyo - Yeezy slides, Yang Se-chan - Headphone, Ji Ye-eun - Stussy sweatshirt.",0,
742,Episode #742 - Love Consumption,2025-03-02,"Choi Daniel, Kim Ah-young",,Spend all the money.,"There are no winners (total remaining balance W1,697,260). Some members had to give seaweed to citizens after filming as penalty.",0,
743,Episode #743 - 2025 Running Backup Championship,2025-03-09,"Heo Kyung-hwan, Jang Seong-woo, Park Ji-won","Jae-suk Team (Yoo Jae-suk, Song Ji-hyo, Yang Se-chan, Heo Kyung-hwan, Park Ji-won); Jong-kook Team (Kim Jong-kook, Haha, Jee Seok-jin, Ji Ye-eun, Jang Seong-woo)",Have the highest number of stars on their team to avoid penalty.,Won by Jae-suk Team with 50 stars. Bottom three had to do lunges to their cars as penalty.,0,
744,Episode #744 - Going Up the TV Rating Notice,2025-03-16,,No teams,"Main Mission: Avoid filming the TV Rating Notice at the highest mountain. Side Mission: Avoid getting the ""Climb Up"" on the dice.",Mission Accomplished - filmed at 210m height. Members climbed down across multiple dice attempts.,1,TV Rating Notice Special
745,Episode #745 - Recharge After Work,2025-03-23,"Hong Eun-chae, Sakura","Jae-suk Team (Yoo Jae-suk, Jee Seok-jin, Sakura); Haha Team (Haha, Song Ji-hyo, Yang Se-chan); Jong-kook Team (Kim Jong-kook, Ji Ye-eun, Hong Eun-chae)",Be the first two teams to have a video call with the Main PD.,Won by Jae-suk Team & Jong-kook Team. Haha Team untied cables after filming as penalty.,0,
746,Episode #746 - How Did an Imogi Becomes a Dragon,2025-03-30,"Kim Ji-yeon, Yook Sung-jae","Sung-jae Team (Yook Sung-jae, Yoo Jae-suk, Yang Se-chan, Ji Ye-eun); Ji-yeon Team (Kim Ji-yeon, Haha, Jee Seok-jin, Kim Jong-kook, Song Ji-hyo)",Have the highest amount of cintamani level on their team without being the lowest individual level to avoid penalty.,Won by Sung-jae Team. Losers flew a dragon-shaped kite after filming as penalty.,0,
747,Episode #747 - He Said We're New Family,2025-04-06,,"Jae-suk Team (Yoo Jae-suk, Haha, Ji Ye-eun, Choi Daniel); Jong-kook Team (Kim Jong-kook, Jee Seok-jin, Song Ji-hyo, Yang Se-chan)",Have the most amount of money while not forcing Choi Daniel to hurry to avoid losing money.,Won by Jong-kook Team. Jae-suk Team picked strawberries at a local farm as penalty.,0,
748,Episode #748 - Determination to Drive,2025-04-13,,,Help Ji Ye-eun learn how to drive.,Mission Accomplished.,0,
749,Episode #749 - Merchant Chronicles: You Have to Earn to Live,2025-04-20,,"Jae-suk Team (Yoo Jae-suk, Jee Seok-jin, Ji Ye-eun, Choi Daniel); Jong-kook Team (Kim Jong-kook, Haha, Song Ji-hyo, Yang Se-chan)",Have the most profit to avoid penalty.,Won by Jong-kook Team (300 dollar Onnuri Gift Certificates). Jae-suk Team smashed gourds as penalty.,0,
750,Episode #750 - A Good Day for being Solo,2025-04-27,"Kai, Kim Ah-young",First Couple Teams + Solo (Kai); Second Couple Teams + Solo (Ji Ye-eun),Avoid getting selected by the production team to escape the penalty.,"Won by Kai (box of jjajang ramyeon). Paired members received various penalties (finger flick, ink stamp, cold water splash).",1,Black Day Special
751,"Episode #751 - The More You Shoot, The More You Succeed",2025-05-04,,Ttuk Kook AI Startup CEOs (Yoo Jae-suk & Kim Jong-kook); Exciting Math Education (Haha & Choi Daniel); Meat Deboning Machine (Jee Seok-jin & Yang Se-chan); Shoulder Pad (Song Ji-hyo & Ji Ye-eun),Have the most national heritage stamps to win the race.,"Won by Ttuk Kook AI and Exciting Math Education CEOs. Losers got ""get off work"" stamp at Sanjeong Lake as penalty.",0,
752,Episode #752 - Killers' Territory Marking,2025-05-11,"Son Ho-jun, Yoo Seung-ho","Grasshopper Gang (Yoo Jae-suk, Haha, Song Ji-hyo, Choi Daniel, Yoo Seung-ho); Tiger Gang (Kim Jong-kook, Jee Seok-jin, Yang Se-chan, Ji Ye-eun, Son Ho-jun)",Have the most territory to avoid penalty.,Won by Grasshopper Gang. Water gun and ink water gun penalties distributed.,0,
753,Episode #753 - The Eye-Catching Running Family,2025-05-25,"Miyeon, Soyeon","Wink Mafia: Mission Team (members + Miyeon, Soyeon); Mafia (Yoo Jae-suk)",Wink Mafia Mission - Mafia: Eliminate three players and avoid being arrested. Mission Team: Arrest the mafia before being eliminated.,"Won by Yoo Jae-suk, Haha, Song Ji-hyo, Ji Ye-eun and Soyeon. Whipped cream penalty for losers.",0,
754,Episode #754 - Let's Vote Spring,2025-06-01,"Lee Seung-hyub, Park Ji-hu",Multiple rotating teams (Draw the Last Syllable / Pull Out the Tablecloth / Running Penalty Debate),Avoid being voted to escape the penalty.,"Won by Kim Jong-kook, Song Ji-hyo, Yang Se-chan, Ji Ye-eun and Park Ji-hu. Ink bomb penalty for losers.",0,
755,Episode #755 - Road Trips as Drawn,2025-06-08,,No teams,Successfully complete the outing race before 4 PM using Yoo Jae-suk's drawing.,Mission Accomplished.,0,
756,Episode #756 - Veterans In the City,2025-06-15,Kim Ah-young,"Ji-hyo Team (Song Ji-hyo, Yoo Jae-suk, Jee Seok-jin); Ye-eun Team (Ji Ye-eun, Haha, Kim Jong-kook); Ah-young Team (Kim Ah-young, Yang Se-chan, Choi Daniel)",Obtain the card of things that were first started in Incheon to avoid penalty.,"Won by Yoo Jae-suk, Yang Se-chan and Kim Ah-young. Various penalties (sophora root tea, jump rope, ink face).",0,
757,Episode #757 - The Empty Head Avengers Last Competition,2025-06-22,,"Brainiac Team (Yoo Jae-suk, Haha, Jee Seok-jin, Kim Jong-kook); Empty Head Avengers Team (Song Ji-hyo, Yang Se-chan, Choi Daniel, Ji Ye-eun)",Have the most ice balls or at least 1 ice ball per person to avoid penalty.,Won by Yang Se-chan. Yoo Jae-suk wrote a statement of repentance with Chinese idioms as penalty.,0,
758,Episode #758 - The Miracle Breakfast,2025-06-29,,No teams,Win the race by completing a line on the bingo card before lunch at 12:30 PM.,Mission failed. Yoo Jae-suk and Haha made breakfast for members the next episode as penalty.,0,
759,Episode #759 - Creepy Vacation Thriller,2025-07-06,"Ahyeon, Asa, Joo Hyun-young","Pink Team (Yoo Jae-suk, Song Ji-hyo, Yang Se-chan, Ahyeon); Yellow Team (Haha, Kim Jong-kook, Ji Ye-eun, Asa); Blue Team (Jee Seok-jin, Choi Daniel, Joo Hyun-young)",The prize ball was drawn by production team to receive the prize but without penalty ball being drawn to avoid penalty.,Won by Haha and Kim Jong-kook (hotel buffet coupons). Smoothie-making penalty for some.,0,
760,Episode #760 - Back to 2010,2025-07-13,"Eunhyuk, Kyuhyun, Leeteuk","Jae-suk Team (Yoo Jae-suk, Haha, Kim Jong-kook, Song Ji-hyo, Eunhyuk); Seok-jin Team (Jee Seok-jin, Yang Se-chan, Ji Ye-eun, Choi Daniel, Kyuhyun, Leeteuk)",Have the most R Coins to win the gold.,Won by Kyuhyun and Kim Jong-kook (15th Anniversary gold rings). Whipped cream bomb penalty for some.,1,15th Anniversary Special
761,Episode #761 - The Splitting Gamblers,2025-07-20,Miyeon,Multiple rotating teams (Correct Answer Hunter / My Useless Superpower / Hold It for Greatness),Have the intactable shell to win the race.,Won by Yoo Jae-suk (Gyeongju Cheomseongdae doll and Silla roof tiles). Finger flick on nose penalty.,0,
762,Episode #762 - Happy Ye-eun Day,2025-07-27,"Kim Ha-neul, Lee Jun-young, Nam Woo-hyun",No teams,Buy numerous items for Ji Ye-eun as housewarming party gift for her new house.,Mission Accomplished. Ji Ye-eun received a tower fan and robot vacuum cleaner.,1,Ji Ye-eun's Birthday Special
763,Episode #763 - The Weak Loyalty Roulette Battle,2025-08-03,"Kim Ha-neul, Lee Jun-young, Nam Woo-hyun","Ha-neul Team (Kim Ha-neul, Yoo Jae-suk, Yang Se-chan); Jun-young Team (Lee Jun-young, Haha, Jee Seok-jin, Song Ji-hyo); Woo-hyun Team (Nam Woo-hyun, Kim Jong-kook, Ji Ye-eun, Choi Daniel)",Avoid your name getting drawn by the roulette to escape the penalty.,"Won by 8 members. Kim Jong-kook, Choi Daniel and Nam Woo-hyun received water bomb penalty.",0,
764,Episode #764 - 2025 Daytime Goblin Room Tour,2025-08-10,,No teams,Choose between green and pink to win the race.,"Won by Yoo Jae-suk, Kim Jong-kook, Song Ji-hyo, Ji Ye-eun and Choi Daniel. Souvenirs awarded; Haha and Jee Seok-jin dressed as beggars as penalty.",0,
765,Episode #765 - Between Flops and Masterpieces,2025-08-17,"Seo Jang-hoon, Shin Gi-ru, Shindong",Jae-suk Family; Jong-kook Family (role-play family teams),Have the most expensive price of the drawings that were drawn to avoid penalty.,"Won by Jong-kook Team (W102,000). Face ink penalty for bottom members.",0,
766,Episode #766 - Running Sports University Prize Victory,2025-08-24,"Kim Ha-yun, Kim Min-jong","Min-jong Team (Kim Min-jong, Yoo Jae-suk, Jee Seok-jin, Ji Ye-eun, Choi Daniel); Ha-yun Team (Kim Ha-yun, Haha, Kim Jong-kook, Song Ji-hyo, Yang Se-chan)",Win the prizes in the sports competitions to avoid penalty.,Won by 5 members. Various prizes awarded; shoulder throw penalty for losers.,0,
767,"Episode #767 - More spend, more luck! The Lucky Date Strikes",2025-08-31,"Jang Dong-yoon, Kim Ah-young",First & Second Couple Teams (rotating pairs),Being on the top three with the most money from lottery tickets to win the race.,"Won by Kim Jong-kook, Choi Daniel and Jang Dong-yoon (watermelons). Keychain-making penalty.",1,Kim Jong-kook marriage announcement
768,Episode #768 - The Time Prize and Penalty Fighter Attack,2025-09-07,,No teams,Opening Mission: Have all members arrived together under 1 hour. Main Mission: Finish every task and go home before 4 PM.,"Opening Mission Failed. Main Mission won by 5 members. Gelato-stirring penalty for Yoo Jae-suk, Haha, Kim Jong-kook.",0,
769,Episode #769 - Go Straight as You Answer,2025-09-14,,,Complete the race before 3:00 PM to avoid penalty.,Mission Accomplished.,0,
770,"Episode #770 - Holding Back Laughter, Congratulatory Delegation",2025-09-21,Cha Tae-hyun,"Bridegroom (Kim Jong-kook); Mission Team (Yoo Jae-suk, Haha, Jee Seok-jin, Song Ji-hyo, Yang Se-chan, Ji Ye-eun, Choi Daniel, Cha Tae-hyun)",Bridegroom's Mission: Have the most chance cards. Mission Team's Mission: Remove several party options to win the race.,There are no winners. Stitched dried pollock penalty for some.,0,
771,"Episode #771 - Sir, That Salary Goes to The CEO",2025-09-28,"Jooheon, Kwon Eun-bi",Silver Visual Company (CEO Kwon Eun-bi); M F&B Company (CEO Haha); Try It On Company (CEO Song Ji-hyo),Being on the top five with the highest salaries to win the prize and avoid in the lowest five to escape penalty.,"Won by Haha, Song Ji-hyo, Ji Ye-eun, Choi Daniel and Kwon Eun-bi. Bitter tea penalty for some.",0,
772,Episode #772 - The King's Crops,2025-10-05,"Jun Hyun-moo, Jung Seung-hwan",Rotating Kings/Slaves and team races,Have the team with the highest values of the crops to win the races.,Won by Se-chan Team. Flogging penalty for losing team and Jun Hyun-moo.,0,
773,Episode #773 - A World Where Only the Average Survives,2025-10-12,"Bang Hyo-rin, Byun Yo-han, Kim Kang-woo, Yang Se-jong","Jae-suk Team (Yoo Jae-suk, Jee Seok-jin, Yang Se-chan, Bang Hyo-rin, Yang Se-jong); Jong-kook Team (Kim Jong-kook, Haha, Song Ji-hyo, Choi Daniel, Byun Yo-han, Kim Kang-woo)",Main Mission: Avoid penalty by winning the third place of each team. Side Mission: Collect 70 dollars.,Won by Byun Yo-han and Yang Se-jong. Ink line on face penalty. Side mission failed.,0,
774,"Episode #774 - Finders Keepers, Gold Hunters",2025-10-19,"Jeon So-min, Yang Se-hyung","Jae-suk Team (Yoo Jae-suk, Jee Seok-jin, Yang Se-chan, Jeon So-min); Jong-kook Team (Kim Jong-kook, Haha, Song Ji-hyo, Choi Daniel, Yang Se-hyung)",Find as many gold coins to win the prize and avoid penalty.,Won by Yoo Jae-suk. Mud roll penalty for some.,0,
775,Episode #775 - Time-lapse Photography Crew,2025-10-26,Jonathan Yiombi,No teams,Main Mission: Arrive at exactly 3:05 PM. Side Mission: Be top three in the photo contest and win first place.,"Main Mission Accomplished. Side mission won by Yoo Jae-suk, Kim Jong-kook and Jonathan Yiombi (box of pears).",0,
776,Episode #776 - Running Man Weekly Keywords,2025-11-02,,,Complete every task from the three main keywords to get off work early.,Mission Accomplished.,0,
777,"Episode #777 - When we gather, it's all good! Autumn Literary Club",2025-11-09,"Kim Byung-chul, Miyeon, Sunmi","Jae-suk Team (Yoo Jae-suk, Yang Se-chan, Miyeon); Haha Team (Haha, Ji Ye-eun, Kim Byung-chul); Seok-jin Team (Jee Seok-jin, Song Ji-hyo, Choi Daniel); Jong-kook Team (Kim Jong-kook, Sunmi)",Get a jangttaeng by obtaining two maple leaf cards or have the same highest numbered Hwatu Cards to win the race.,Won by Jong-kook Team and Jae-suk Team. Maple leaf face paint penalty for losers.,0,
778,Episode #778 - Dynamite Abandonment,2025-11-23,"Ahn Eun-jin, Kim Mu-jun","Jae-suk Team (Yoo Jae-suk, Jee Seok-jin, Haha, Choi Daniel, Ahn Eun-jin); Jong-kook Team (Kim Jong-kook, Song Ji-hyo, Yang Se-chan, Ji Ye-eun, Kim Mu-jun)",Avoid being chosen by the Penalty Balls to win the race.,"Won by Yoo Jae-suk, Jee Seok-jin, Ji Ye-eun and Ahn Eun-jin. Kimchi-making penalty for losers.",0,
779,Episode #779 - Isn't this the real deal?,2025-11-30,Heo Kyung-hwan,No teams,Main Mission: Avoid adding more members for the penalty by spending less money. Side Mission: Be top three to enter the car at exactly 6:00 AM.,"No winners on main. Oyster-shucking penalty for some. Side mission won by Yoo Jae-suk, Jee Seok-jin and Choi Daniel.",0,
780,Episode #780 - Isn't this the real deal 2~,2025-12-07,,,,,0,
781,Episode #781 - The Problematic New Members,2025-12-14,Kang Hoon,Main Members vs Guest Members,Main Members' Mission: Be in the top 2 to win the race. Guest Members' mission: Have the least votes of being problematic member to avoid penalty.,Won by Kang Hoon (premium honeycomb honey). Flogging penalty for members hit by reflection card.,0,
782,Episode #782 - May it reach you as a Christmas gift,2025-12-21,,No teams,Successfully guess the gifts that were given to avoid penalty.,Won by Haha and Kim Jong-kook. Cold water penalty for the rest.,1,Christmas Special
783,Episode #783 - The Year-End Clear out Settlement,2025-12-28,,Preliminary: Protagonist (Jee Seok-jin) vs Running Man Team; Main Mission Race (No teams),Main Mission: Have the least amount of Tax Prize Badges to avoid penalty.,Main Mission won by Haha and Song Ji-hyo. Cold water penalty for Jee Seok-jin and Yang Se-chan.,1,Year-End Special
